Location,Location_2,n_samples,mean_accuracy,std_accuracy
Left-Hippocampus,Left-Hippocampus,522,0.7872893772893773,0.05163092346172495
Left-Hippocampus,ctx-lh-parahippocampal,134,0.7834757834757834,0.036795177871140616
Left-Hippocampus,ctx-lh-lingual,56,0.6757575757575757,0.07878787878787881
Left-Hippocampus,Left-Amygdala,166,0.8251336898395722,0.06506702789114908
Left-Hippocampus,ctx-lh-middletemporal,408,0.8456187895212286,0.03655302206099536
Left-Hippocampus,ctx-lh-fusiform,98,0.8157894736842106,0.043623927968636
Left-Hippocampus,ctx-lh-inferiortemporal,144,0.8684729064039409,0.06641300313833585
Left-Hippocampus,ctx-lh-precuneus,56,0.7666666666666667,0.07521014330903551
ctx-lh-parahippocampal,Left-Hippocampus,134,0.7393162393162391,0.037989078748224006
ctx-lh-parahippocampal,ctx-lh-parahippocampal,72,0.6666666666666666,0.1440899190155396
ctx-lh-parahippocampal,Left-Amygdala,58,0.7106060606060606,0.13229624213904895
ctx-lh-parahippocampal,ctx-lh-middletemporal,118,0.8644927536231884,0.09758693257699956
ctx-lh-parahippocampal,ctx-lh-fusiform,32,0.7190476190476189,0.06098213559459858
ctx-lh-parahippocampal,ctx-lh-inferiortemporal,44,0.8166666666666667,0.059835164523716684
ctx-lh-lingual,Left-Hippocampus,56,0.7515151515151516,0.10032088095301121
ctx-lh-lingual,ctx-lh-middletemporal,32,0.8047619047619048,0.19541223360650659
Left-Amygdala,Left-Hippocampus,166,0.7468805704099821,0.07352157901347679
Left-Amygdala,ctx-lh-parahippocampal,58,0.8287878787878787,0.12136354178485324
Left-Amygdala,Left-Amygdala,110,0.7636363636363637,0.06680426571226851
Left-Amygdala,ctx-lh-middletemporal,176,0.7785714285714287,0.07477858473315656
Left-Amygdala,ctx-lh-fusiform,56,0.7484848484848484,0.15792502085812585
Left-Amygdala,ctx-lh-inferiortemporal,70,0.7857142857142858,0.06388765649999396
ctx-lh-middletemporal,Left-Hippocampus,408,0.8504366154772658,0.047402249323414324
ctx-lh-middletemporal,ctx-lh-parahippocampal,118,0.8815217391304347,0.04201336541323412
ctx-lh-middletemporal,ctx-lh-lingual,32,0.6857142857142857,0.10795984808337748
ctx-lh-middletemporal,Left-Amygdala,176,0.8517460317460317,0.058773900484661544
ctx-lh-middletemporal,ctx-lh-middletemporal,590,0.8220338983050848,0.03901987943464861
ctx-lh-middletemporal,ctx-lh-fusiform,136,0.8965608465608466,0.07206457978030627
ctx-lh-middletemporal,ctx-lh-inferiortemporal,158,0.8608870967741936,0.05764507441732177
ctx-lh-middletemporal,ctx-lh-precuneus,32,0.8142857142857143,0.18952141659173713
ctx-lh-fusiform,Left-Hippocampus,98,0.8768421052631579,0.04247860794522332
ctx-lh-fusiform,ctx-lh-parahippocampal,32,0.7904761904761904,0.21842561792723267
ctx-lh-fusiform,Left-Amygdala,56,0.8060606060606063,0.11273378931962591
ctx-lh-fusiform,ctx-lh-middletemporal,136,0.9042328042328043,0.018810993475800224
ctx-lh-fusiform,ctx-lh-fusiform,74,0.8371428571428572,0.1173555946723761
ctx-lh-fusiform,ctx-lh-inferiortemporal,60,0.8333333333333334,0.10540925533894599
ctx-lh-inferiortemporal,Left-Hippocampus,144,0.8266009852216747,0.05714285714285714
ctx-lh-inferiortemporal,ctx-lh-parahippocampal,44,0.7722222222222221,0.07114582486036498
ctx-lh-inferiortemporal,Left-Amygdala,70,0.7142857142857142,0.07824607964359517
ctx-lh-inferiortemporal,ctx-lh-middletemporal,158,0.8548387096774194,0.05764507441732175
ctx-lh-inferiortemporal,ctx-lh-fusiform,60,0.8833333333333332,0.08498365855987973
ctx-lh-inferiortemporal,ctx-lh-inferiortemporal,100,0.8699999999999999,0.024494897427831803
ctx-lh-precuneus,Left-Hippocampus,56,0.7696969696969698,0.06239775843022427
ctx-lh-precuneus,ctx-lh-middletemporal,32,0.7523809523809524,0.06834619092574919
Left-Amygdala,ctx-lh-lateralorbitofrontal,30,0.7,0.12472191289246473
Left-Amygdala,ctx-lh-parstriangularis,40,0.775,0.16583123951777
Left-Amygdala,ctx-lh-supramarginal,24,0.76,0.14966629547095767
Left-Amygdala,ctx-lh-superiortemporal,56,0.8015151515151515,0.14661782307155083
ctx-lh-middletemporal,ctx-lh-lateralorbitofrontal,212,0.8351052048726467,0.038693821582587634
ctx-lh-middletemporal,ctx-lh-insula,112,0.8837944664031621,0.04642207935665787
ctx-lh-middletemporal,ctx-lh-parstriangularis,152,0.835268817204301,0.022528357279669314
ctx-lh-middletemporal,ctx-lh-supramarginal,78,0.8066666666666666,0.05995368582868318
ctx-lh-middletemporal,ctx-lh-superiortemporal,222,0.8782828282828282,0.037195863918226164
Left-Hippocampus,ctx-lh-lateralorbitofrontal,98,0.8973684210526315,0.046572256432903025
Left-Hippocampus,ctx-lh-insula,60,0.7833333333333333,0.08498365855987976
Left-Hippocampus,ctx-lh-parstriangularis,78,0.8083333333333333,0.03717451337199244
Left-Hippocampus,ctx-lh-supramarginal,64,0.7833333333333333,0.07302067110716995
Left-Hippocampus,ctx-lh-superiortemporal,122,0.8203333333333334,0.07034360114624659
ctx-lh-fusiform,ctx-lh-lateralorbitofrontal,44,0.7499999999999999,0.08240220541217404
ctx-lh-fusiform,ctx-lh-insula,30,0.6666666666666666,0.10540925533894599
ctx-lh-fusiform,ctx-lh-parstriangularis,34,0.7047619047619047,0.01904761904761907
ctx-lh-fusiform,ctx-lh-supramarginal,46,0.8022222222222222,0.08560604570781433
ctx-lh-fusiform,ctx-lh-superiortemporal,52,0.7854545454545454,0.1193093070292576
ctx-lh-lateralorbitofrontal,Left-Amygdala,30,0.6666666666666667,0.149071198499986
ctx-lh-lateralorbitofrontal,ctx-lh-middletemporal,212,0.8306755260243632,0.05696315541899516
ctx-lh-lateralorbitofrontal,Left-Hippocampus,98,0.8163157894736843,0.040131363243596306
ctx-lh-lateralorbitofrontal,ctx-lh-fusiform,44,0.7527777777777778,0.16111111111111112
ctx-lh-lateralorbitofrontal,ctx-lh-lateralorbitofrontal,210,0.8571428571428573,0.03367175148507368
ctx-lh-lateralorbitofrontal,ctx-lh-insula,104,0.7014285714285713,0.0781242687040603
ctx-lh-lateralorbitofrontal,ctx-lh-parstriangularis,106,0.8194805194805195,0.08263297082381164
ctx-lh-lateralorbitofrontal,ctx-lh-supramarginal,68,0.8505494505494505,0.13652049542399378
ctx-lh-lateralorbitofrontal,ctx-lh-superiortemporal,174,0.8277310924369748,0.04733412867378764
ctx-lh-insula,ctx-lh-middletemporal,112,0.7948616600790513,0.05831077820050603
ctx-lh-insula,Left-Hippocampus,60,0.7666666666666667,0.11055415967851333
ctx-lh-insula,ctx-lh-fusiform,30,0.7666666666666667,0.08164965809277264
ctx-lh-insula,ctx-lh-lateralorbitofrontal,104,0.8171428571428571,0.04719813978424331
ctx-lh-insula,ctx-lh-insula,94,0.7771929824561404,0.1298245614035088
ctx-lh-insula,ctx-lh-parstriangularis,56,0.840909090909091,0.10163945352271771
ctx-lh-insula,ctx-lh-supramarginal,40,0.725,0.09354143466934853
ctx-lh-insula,ctx-lh-superiortemporal,118,0.8554347826086957,0.04499760781524642
ctx-lh-parstriangularis,Left-Amygdala,40,0.825,0.06123724356957945
ctx-lh-parstriangularis,ctx-lh-middletemporal,152,0.8288172043010753,0.025092268163907278
ctx-lh-parstriangularis,Left-Hippocampus,78,0.805,0.1185092588975412
ctx-lh-parstriangularis,ctx-lh-fusiform,34,0.7333333333333333,0.11106575037800571
ctx-lh-parstriangularis,ctx-lh-lateralorbitofrontal,106,0.8021645021645023,0.06200609270924287
ctx-lh-parstriangularis,ctx-lh-insula,56,0.8196969696969697,0.08304357336996798
ctx-lh-parstriangularis,ctx-lh-parstriangularis,74,0.7847619047619048,0.10529733303684004
ctx-lh-parstriangularis,ctx-lh-supramarginal,40,0.8,0.15
ctx-lh-parstriangularis,ctx-lh-superiortemporal,100,0.8,0.0632455532033676
ctx-lh-supramarginal,Left-Amygdala,24,0.8800000000000001,0.09797958971132709
ctx-lh-supramarginal,ctx-lh-middletemporal,78,0.795,0.06227180564089803
ctx-lh-supramarginal,Left-Hippocampus,64,0.7487179487179487,0.09372136862819008
ctx-lh-supramarginal,ctx-lh-fusiform,46,0.7355555555555556,0.11640711869963373
ctx-lh-supramarginal,ctx-lh-lateralorbitofrontal,68,0.7791208791208791,0.07866167106889356
ctx-lh-supramarginal,ctx-lh-insula,40,0.75,0.15811388300841897
ctx-lh-supramarginal,ctx-lh-parstriangularis,40,0.9,0.09354143466934853
ctx-lh-supramarginal,ctx-lh-supramarginal,76,0.7891666666666668,0.0660176744011279
ctx-lh-supramarginal,ctx-lh-superiortemporal,70,0.8142857142857143,0.09689042833036096
ctx-lh-superiortemporal,Left-Amygdala,56,0.7863636363636364,0.09045340337332909
ctx-lh-superiortemporal,ctx-lh-middletemporal,222,0.8649494949494951,0.042778224986631176
ctx-lh-superiortemporal,Left-Hippocampus,122,0.8026666666666668,0.060997267698370466
ctx-lh-superiortemporal,ctx-lh-fusiform,52,0.7872727272727272,0.07726737949409378
ctx-lh-superiortemporal,ctx-lh-lateralorbitofrontal,174,0.8105882352941176,0.033188915786210756
ctx-lh-superiortemporal,ctx-lh-insula,118,0.822463768115942,0.029143590655348134
ctx-lh-superiortemporal,ctx-lh-parstriangularis,100,0.85,0.07745966692414837
ctx-lh-superiortemporal,ctx-lh-supramarginal,70,0.8428571428571429,0.0832993127835043
ctx-lh-superiortemporal,ctx-lh-superiortemporal,206,0.7911730545876887,0.029787261513422418
Left-Hippocampus,Right-Hippocampus,30,0.8,0.19436506316151
Left-Hippocampus,ctx-rh-middletemporal,56,0.9106060606060605,0.05757575757575755
Left-Hippocampus,ctx-rh-precentral,20,0.7,0.291547594742265
Left-Hippocampus,ctx-rh-superiorfrontal,102,0.8533333333333332,0.06947486861890788
Left-Hippocampus,ctx-rh-rostralanteriorcingulate,36,0.775,0.11715156762040518
ctx-lh-middletemporal,Right-Hippocampus,70,0.9428571428571428,0.05345224838248489
ctx-lh-middletemporal,ctx-rh-fusiform,36,0.75,0.10594569267279517
ctx-lh-middletemporal,ctx-rh-middletemporal,126,0.8809230769230769,0.03582468819157636
ctx-lh-middletemporal,ctx-rh-lateralorbitofrontal,108,0.88008658008658,0.08425003191268626
ctx-lh-middletemporal,ctx-rh-parstriangularis,74,0.8666666666666666,0.09428090415820635
ctx-lh-middletemporal,ctx-rh-insula,36,0.8857142857142858,0.13997084244475302
ctx-lh-middletemporal,ctx-rh-caudalanteriorcingulate,20,0.75,0.15811388300841897
ctx-lh-middletemporal,ctx-rh-superiorfrontal,222,0.9146464646464645,0.029093714791748996
ctx-lh-middletemporal,ctx-rh-rostralanteriorcingulate,76,0.8425,0.08945824600213095
ctx-lh-parahippocampal,ctx-rh-superiorfrontal,30,0.8333333333333333,0.14907119849998599
ctx-lh-fusiform,Right-Hippocampus,26,0.8800000000000001,0.0979795897113271
ctx-lh-fusiform,ctx-rh-middletemporal,42,0.8333333333333333,0.09781564923143893
ctx-lh-fusiform,ctx-rh-lateralorbitofrontal,20,0.75,0.27386127875258304
ctx-lh-fusiform,ctx-rh-parstriangularis,28,1.0,0.0
ctx-lh-fusiform,ctx-rh-superiorfrontal,54,0.76,0.09083633452215852
ctx-lh-fusiform,ctx-rh-rostralanteriorcingulate,20,0.8,0.09999999999999999
ctx-lh-superiorparietal,ctx-lh-superiorparietal,80,0.8125,0.07905694150420949
ctx-lh-superiorparietal,ctx-rh-superiorparietal,20,0.75,0.15811388300841897
Right-Hippocampus,Left-Hippocampus,30,0.8666666666666668,0.12472191289246472
Right-Hippocampus,ctx-lh-middletemporal,70,0.8428571428571429,0.11428571428571428
Right-Hippocampus,ctx-lh-fusiform,26,0.7733333333333334,0.13727506854649335
Right-Hippocampus,Right-Hippocampus,254,0.7757647058823529,0.03956891894410596
Right-Hippocampus,ctx-rh-fusiform,56,0.9106060606060605,0.08136800958846999
Right-Hippocampus,ctx-rh-middletemporal,246,0.8006530612244898,0.07033949920105388
Right-Hippocampus,ctx-rh-lateralorbitofrontal,260,0.8038461538461539,0.030769230769230767
Right-Hippocampus,ctx-rh-parstriangularis,140,0.7928571428571429,0.06546536707079768
Right-Hippocampus,ctx-rh-insula,162,0.7102272727272727,0.07713008596324708
Right-Hippocampus,ctx-rh-precentral,110,0.8,0.05454545454545454
Right-Hippocampus,ctx-rh-inferiorparietal,64,0.7346153846153846,0.15783295791294763
Right-Hippocampus,ctx-rh-supramarginal,20,0.65,0.2
ctx-rh-fusiform,ctx-lh-middletemporal,36,0.8357142857142857,0.04285714285714284
ctx-rh-fusiform,Right-Hippocampus,56,0.9121212121212121,0.0780854468286371
ctx-rh-fusiform,ctx-rh-fusiform,40,0.825,0.1695582495781317
ctx-rh-fusiform,ctx-rh-middletemporal,52,0.7872727272727272,0.07726737949409378
ctx-rh-fusiform,ctx-rh-lateralorbitofrontal,42,0.7416666666666666,0.15995755609875523
ctx-rh-fusiform,ctx-rh-parstriangularis,38,0.7928571428571429,0.2338126757618987
ctx-rh-middletemporal,Left-Hippocampus,56,0.8757575757575757,0.04110503020075916
ctx-rh-middletemporal,ctx-lh-middletemporal,126,0.8335384615384616,0.045683759884227605
ctx-rh-middletemporal,ctx-lh-fusiform,42,0.8555555555555555,0.08810417515085392
ctx-rh-middletemporal,Right-Hippocampus,246,0.8208979591836736,0.0771652704725192
ctx-rh-middletemporal,ctx-rh-fusiform,52,0.8254545454545456,0.07614687851407972
ctx-rh-middletemporal,ctx-rh-middletemporal,332,0.8071913161465399,0.044459221509125874
ctx-rh-middletemporal,ctx-rh-lateralorbitofrontal,230,0.7782608695652173,0.028840215568307834
ctx-rh-middletemporal,ctx-rh-parstriangularis,126,0.7458461538461539,0.05492458519799304
ctx-rh-middletemporal,ctx-rh-insula,166,0.7468805704099821,0.08066815329044391
ctx-rh-middletemporal,ctx-rh-precentral,136,0.7859788359788359,0.08982406775318198
ctx-rh-middletemporal,ctx-rh-inferiorparietal,82,0.6852941176470588,0.07924819756063223
ctx-rh-middletemporal,ctx-rh-supramarginal,36,0.725,0.11715156762040517
ctx-rh-middletemporal,ctx-rh-superiorparietal,34,0.8857142857142858,0.10690449676496976
ctx-rh-lateralorbitofrontal,ctx-lh-middletemporal,108,0.8792207792207792,0.03882612523771196
ctx-rh-lateralorbitofrontal,ctx-lh-fusiform,20,0.65,0.25495097567963926
ctx-rh-lateralorbitofrontal,Right-Hippocampus,260,0.7692307692307692,0.021066252211737163
ctx-rh-lateralorbitofrontal,ctx-rh-fusiform,42,0.7694444444444445,0.2778610986148597
ctx-rh-lateralorbitofrontal,ctx-rh-middletemporal,230,0.7608695652173914,0.04762804847871012
ctx-rh-lateralorbitofrontal,ctx-rh-lateralorbitofrontal,412,0.7890096973258889,0.030947066473712113
ctx-rh-lateralorbitofrontal,ctx-rh-parstriangularis,198,0.8180769230769231,0.05397786090107333
ctx-rh-lateralorbitofrontal,ctx-rh-insula,238,0.7689716312056738,0.011911806210935485
ctx-rh-lateralorbitofrontal,ctx-rh-precentral,122,0.7130000000000001,0.005715476066494051
ctx-rh-lateralorbitofrontal,ctx-rh-inferiorparietal,72,0.7076190476190477,0.05384112009562885
ctx-rh-parstriangularis,ctx-lh-middletemporal,74,0.8104761904761906,0.02863485024451983
ctx-rh-parstriangularis,ctx-lh-fusiform,28,0.8933333333333333,0.13727506854649335
ctx-rh-parstriangularis,Right-Hippocampus,140,0.8,0.07354021529276429
ctx-rh-parstriangularis,ctx-rh-fusiform,38,0.8142857142857143,0.0683254516775321
ctx-rh-parstriangularis,ctx-rh-middletemporal,126,0.7698461538461538,0.04647681867938267
ctx-rh-parstriangularis,ctx-rh-lateralorbitofrontal,198,0.8534615384615385,0.06805820883341036
ctx-rh-parstriangularis,ctx-rh-parstriangularis,122,0.8113333333333334,0.049152822909778036
ctx-rh-parstriangularis,ctx-rh-insula,98,0.7042105263157895,0.08546110874563494
ctx-rh-parstriangularis,ctx-rh-precentral,56,0.7681818181818182,0.09136250564655354
ctx-rh-parstriangularis,ctx-rh-inferiorparietal,34,0.7333333333333333,0.0645936188869073
ctx-rh-insula,ctx-lh-middletemporal,36,0.8857142857142858,0.1665986255670086
ctx-rh-insula,Right-Hippocampus,162,0.6971590909090909,0.03863543522354528
ctx-rh-insula,ctx-rh-middletemporal,166,0.7534759358288771,0.06220906178301275
ctx-rh-insula,ctx-rh-lateralorbitofrontal,238,0.7984042553191489,0.04821863846812279
ctx-rh-insula,ctx-rh-parstriangularis,98,0.6636842105263159,0.06624892201077712
ctx-rh-insula,ctx-rh-insula,214,0.7800664451827244,0.07261701577309901
ctx-rh-insula,ctx-rh-precentral,106,0.6601731601731602,0.12600303142667635
ctx-rh-insula,ctx-rh-inferiorparietal,66,0.6681318681318681,0.06859114960143842
ctx-rh-precentral,Left-Hippocampus,20,0.8,0.291547594742265
ctx-rh-precentral,Right-Hippocampus,110,0.7363636363636363,0.09270944570168697
ctx-rh-precentral,ctx-rh-middletemporal,136,0.7796296296296297,0.06531552625388294
ctx-rh-precentral,ctx-rh-lateralorbitofrontal,122,0.6806666666666668,0.04544349360591801
ctx-rh-precentral,ctx-rh-parstriangularis,56,0.6606060606060605,0.12029959540169219
ctx-rh-precentral,ctx-rh-insula,106,0.6515151515151516,0.0738472818581471
ctx-rh-precentral,ctx-rh-precentral,92,0.6836257309941521,0.06813304706872618
ctx-rh-precentral,ctx-rh-inferiorparietal,58,0.6530303030303031,0.12842194000252785
ctx-rh-precentral,ctx-rh-supramarginal,24,0.8,0.1264911064067352
ctx-rh-precentral,ctx-rh-superiorparietal,28,0.82,0.10666666666666667
ctx-rh-inferiorparietal,Right-Hippocampus,64,0.7487179487179487,0.0801051248810939
ctx-rh-inferiorparietal,ctx-rh-middletemporal,82,0.7786764705882353,0.06740686256685786
ctx-rh-inferiorparietal,ctx-rh-lateralorbitofrontal,72,0.7485714285714286,0.07471184250459119
ctx-rh-inferiorparietal,ctx-rh-parstriangularis,34,0.6476190476190475,0.11106575037800571
ctx-rh-inferiorparietal,ctx-rh-insula,66,0.6670329670329671,0.12342963588658437
ctx-rh-inferiorparietal,ctx-rh-precentral,58,0.6727272727272727,0.08656276883082246
ctx-rh-inferiorparietal,ctx-rh-inferiorparietal,44,0.7055555555555555,0.08534606386520677
ctx-rh-inferiorparietal,ctx-rh-supramarginal,20,0.75,0.15811388300841897
ctx-rh-inferiorparietal,ctx-rh-superiorparietal,34,0.880952380952381,0.060233860193683424
ctx-rh-supramarginal,Right-Hippocampus,20,0.75,0.15811388300841897
ctx-rh-supramarginal,ctx-rh-middletemporal,36,0.7464285714285716,0.11088696211614302
ctx-rh-supramarginal,ctx-rh-precentral,24,0.71,0.15620499351813308
ctx-rh-supramarginal,ctx-rh-inferiorparietal,20,1.0,0.0
ctx-rh-supramarginal,ctx-rh-superiorparietal,24,0.76,0.19595917942265423
ctx-rh-caudalanteriorcingulate,ctx-lh-middletemporal,20,0.65,0.1224744871391589
ctx-rh-caudalanteriorcingulate,ctx-rh-superiorfrontal,30,0.7333333333333333,0.08164965809277264
ctx-rh-superiorfrontal,Left-Hippocampus,102,0.8047619047619048,0.049647281977060434
ctx-rh-superiorfrontal,ctx-lh-middletemporal,222,0.8964646464646464,0.05476946146151902
ctx-rh-superiorfrontal,ctx-lh-parahippocampal,30,0.8333333333333334,0.10540925533894599
ctx-rh-superiorfrontal,ctx-lh-fusiform,54,0.7781818181818181,0.09156129681464852
ctx-rh-superiorfrontal,ctx-rh-caudalanteriorcingulate,30,0.7000000000000001,0.16329931618554525
ctx-rh-superiorfrontal,ctx-rh-superiorfrontal,306,0.9345319936541513,0.029444251957787944
ctx-rh-superiorfrontal,ctx-rh-rostralanteriorcingulate,108,0.8147186147186147,0.02905919731054271
ctx-rh-superiorfrontal,ctx-rh-superiorparietal,30,0.8666666666666668,0.12472191289246472
ctx-rh-rostralmiddlefrontal,ctx-rh-rostralmiddlefrontal,20,0.85,0.1224744871391589
ctx-rh-rostralanteriorcingulate,Left-Hippocampus,36,0.775,0.11715156762040518
ctx-rh-rostralanteriorcingulate,ctx-lh-middletemporal,76,0.9216666666666666,0.04818944098266987
ctx-rh-rostralanteriorcingulate,ctx-lh-fusiform,20,0.55,0.09999999999999999
ctx-rh-rostralanteriorcingulate,ctx-rh-superiorfrontal,108,0.8424242424242424,0.02360796225876359
ctx-rh-rostralanteriorcingulate,ctx-rh-rostralanteriorcingulate,42,0.8305555555555555,0.09638528651609707
ctx-rh-rostralanteriorcingulate,ctx-rh-superiorparietal,20,0.95,0.09999999999999999
ctx-rh-superiorparietal,ctx-lh-superiorparietal,20,0.95,0.09999999999999999
ctx-rh-superiorparietal,ctx-rh-middletemporal,34,0.7380952380952381,0.10213147899774866
ctx-rh-superiorparietal,ctx-rh-precentral,28,0.78,0.22666666666666668
ctx-rh-superiorparietal,ctx-rh-inferiorparietal,34,0.9095238095238095,0.07438333024673005
ctx-rh-superiorparietal,ctx-rh-supramarginal,24,0.8300000000000001,0.15362291495737218
ctx-rh-superiorparietal,ctx-rh-superiorfrontal,30,0.8666666666666666,0.12472191289246472
ctx-rh-superiorparietal,ctx-rh-rostralanteriorcingulate,20,0.9,0.1224744871391589
ctx-rh-superiorparietal,ctx-rh-superiorparietal,52,0.8254545454545454,0.07614687851407972
ctx-lh-entorhinal,ctx-lh-middletemporal,50,0.78,0.07483314773547886
ctx-lh-middletemporal,ctx-lh-entorhinal,50,0.7999999999999999,0.0894427190999916
ctx-lh-middletemporal,Right-Amygdala,84,0.8691176470588236,0.07787177820513959
ctx-lh-middletemporal,ctx-rh-bankssts,20,0.9,0.1224744871391589
Right-Amygdala,ctx-lh-middletemporal,84,0.8683823529411765,0.027941176470588226
Right-Amygdala,Right-Amygdala,116,0.8362318840579711,0.016901309840131294
Right-Amygdala,Right-Hippocampus,132,0.7729344729344729,0.061247597934063966
Right-Amygdala,ctx-rh-middletemporal,120,0.8166666666666667,0.10408329997330663
Right-Amygdala,ctx-rh-bankssts,34,0.7714285714285715,0.17142857142857143
Right-Amygdala,ctx-rh-lateralorbitofrontal,174,0.8391596638655463,0.013035777767842182
Right-Amygdala,ctx-rh-parstriangularis,92,0.8140350877192983,0.05902088611480765
Right-Amygdala,ctx-rh-insula,72,0.8066666666666666,0.04681221229502669
Right-Amygdala,ctx-rh-precentral,44,0.7499999999999999,0.08240220541217404
Right-Hippocampus,Right-Amygdala,132,0.8262108262108262,0.036407090713914264
Right-Hippocampus,ctx-rh-bankssts,66,0.7274725274725274,0.07720513437472656
ctx-rh-middletemporal,Right-Amygdala,120,0.7833333333333334,0.04859126579037751
ctx-rh-middletemporal,ctx-rh-bankssts,74,0.7723809523809525,0.08875045910264188
ctx-rh-bankssts,ctx-lh-middletemporal,20,0.85,0.1224744871391589
ctx-rh-bankssts,Right-Amygdala,34,0.7428571428571429,0.18952141659173713
ctx-rh-bankssts,Right-Hippocampus,66,0.6945054945054945,0.13139107848470435
ctx-rh-bankssts,ctx-rh-middletemporal,74,0.6885714285714285,0.09231711097944867
ctx-rh-bankssts,ctx-rh-bankssts,34,0.6714285714285715,0.1245399698154478
ctx-rh-bankssts,ctx-rh-lateralorbitofrontal,82,0.7441176470588236,0.0815348016213477
ctx-rh-bankssts,ctx-rh-parstriangularis,36,0.7035714285714286,0.19807749462660068
ctx-rh-bankssts,ctx-rh-insula,64,0.6423076923076924,0.09999999999999999
ctx-rh-bankssts,ctx-rh-precentral,50,0.7,0.14142135623730953
ctx-rh-lateralorbitofrontal,Right-Amygdala,174,0.8732773109243699,0.04387295085447994
ctx-rh-lateralorbitofrontal,ctx-rh-bankssts,82,0.7433823529411765,0.04698983914314838
ctx-rh-parstriangularis,Right-Amygdala,92,0.7929824561403509,0.043108578933291494
ctx-rh-parstriangularis,ctx-rh-bankssts,36,0.7178571428571429,0.13190132366156707
ctx-rh-insula,Right-Amygdala,72,0.7504761904761905,0.06851849808992362
ctx-rh-insula,ctx-rh-bankssts,64,0.641025641025641,0.05847053462046861
ctx-rh-precentral,Right-Amygdala,44,0.7055555555555555,0.08534606386520677
ctx-rh-precentral,ctx-rh-bankssts,50,0.72,0.11661903789690603
Left-Amygdala,ctx-lh-medialorbitofrontal,22,0.67,0.18867962264113208
Left-Amygdala,Right-Hippocampus,34,0.8857142857142858,0.1665986255670086
Left-Amygdala,ctx-rh-middletemporal,72,0.8323809523809524,0.08557660900661054
ctx-lh-middletemporal,ctx-lh-transversetemporal,36,0.7428571428571429,0.16659862556700858
ctx-lh-middletemporal,ctx-lh-medialorbitofrontal,48,0.7911111111111111,0.11008414290222968
Left-Hippocampus,ctx-lh-medialorbitofrontal,30,0.8333333333333334,0.18257418583505536
ctx-lh-inferiortemporal,ctx-lh-superiortemporal,24,0.79,0.12806248474865697
ctx-lh-inferiortemporal,Right-Hippocampus,22,0.9,0.1224744871391589
ctx-lh-inferiortemporal,ctx-rh-middletemporal,34,0.7523809523809524,0.26151486129039964
ctx-lh-superiortemporal,ctx-lh-inferiortemporal,24,0.7,0.17888543819998318
ctx-lh-superiortemporal,ctx-lh-transversetemporal,44,0.6416666666666667,0.15918387535438228
ctx-lh-superiortemporal,ctx-lh-medialorbitofrontal,30,0.8,0.12472191289246473
ctx-lh-superiortemporal,ctx-rh-middletemporal,22,0.8699999999999999,0.1661324772583615
ctx-lh-transversetemporal,ctx-lh-middletemporal,36,0.7214285714285713,0.15714285714285717
ctx-lh-transversetemporal,ctx-lh-superiortemporal,44,0.663888888888889,0.13619611857923625
ctx-lh-transversetemporal,ctx-lh-lateralorbitofrontal,32,0.5857142857142856,0.13850513878332368
ctx-lh-medialorbitofrontal,Left-Amygdala,22,0.82,0.09273618495495704
ctx-lh-medialorbitofrontal,ctx-lh-middletemporal,48,0.7444444444444445,0.12008227632094487
ctx-lh-medialorbitofrontal,Left-Hippocampus,30,0.8666666666666666,0.06666666666666665
ctx-lh-medialorbitofrontal,ctx-lh-superiortemporal,30,0.7,0.0666666666666667
ctx-lh-medialorbitofrontal,ctx-lh-lateralorbitofrontal,22,0.8099999999999999,0.09695359714832658
ctx-lh-medialorbitofrontal,ctx-lh-parstriangularis,22,0.6799999999999999,0.11224972160321826
ctx-lh-lateralorbitofrontal,ctx-lh-transversetemporal,32,0.6,0.14077852856280462
ctx-lh-lateralorbitofrontal,ctx-lh-medialorbitofrontal,22,0.74,0.19339079605813714
ctx-lh-lateralorbitofrontal,ctx-rh-middletemporal,20,0.85,0.2
ctx-lh-parstriangularis,ctx-lh-medialorbitofrontal,22,0.77,0.024494897427831803
ctx-lh-parstriangularis,ctx-rh-middletemporal,26,0.7666666666666666,0.0843274042711568
Right-Hippocampus,Left-Amygdala,34,0.7666666666666667,0.0645936188869073
Right-Hippocampus,ctx-lh-inferiortemporal,22,0.6900000000000001,0.07348469228349536
ctx-rh-middletemporal,Left-Amygdala,72,0.8876190476190476,0.07219273774570374
ctx-rh-middletemporal,ctx-lh-inferiortemporal,34,0.7904761904761906,0.1227057021592869
ctx-rh-middletemporal,ctx-lh-superiortemporal,22,0.74,0.14628738838327796
ctx-rh-middletemporal,ctx-lh-lateralorbitofrontal,20,0.7,0.18708286933869706
ctx-rh-middletemporal,ctx-lh-parstriangularis,26,0.5733333333333334,0.155492050529208
Left-Hippocampus,ctx-lh-entorhinal,24,0.75,0.23237900077244503
Left-Hippocampus,ctx-lh-parsopercularis,68,0.689010989010989,0.06552989677307942
ctx-lh-parahippocampal,ctx-lh-superiortemporal,34,0.8523809523809524,0.00952380952380949
ctx-lh-parahippocampal,ctx-lh-entorhinal,22,0.72,0.19390719429665315
ctx-lh-parahippocampal,ctx-lh-medialorbitofrontal,22,0.76,0.15937377450509227
ctx-lh-parahippocampal,ctx-lh-parstriangularis,30,0.9333333333333333,0.08164965809277258
ctx-lh-parahippocampal,ctx-lh-insula,20,0.85,0.2
ctx-lh-parahippocampal,ctx-lh-parsopercularis,40,0.8,0.1
ctx-lh-fusiform,ctx-lh-parsopercularis,32,0.8047619047619048,0.1263476110611581
Left-Amygdala,ctx-lh-parsopercularis,24,0.8800000000000001,0.16
ctx-lh-superiortemporal,ctx-lh-parahippocampal,34,0.7380952380952381,0.10213147899774866
ctx-lh-superiortemporal,ctx-lh-entorhinal,26,0.8066666666666666,0.12719189352225943
ctx-lh-superiortemporal,ctx-lh-parsopercularis,104,0.7976190476190477,0.10268504120403728
ctx-lh-middletemporal,ctx-lh-parsopercularis,128,0.836,0.07165730409922796
ctx-lh-entorhinal,Left-Hippocampus,24,0.72,0.16
ctx-lh-entorhinal,ctx-lh-parahippocampal,22,0.63,0.21817424229271426
ctx-lh-entorhinal,ctx-lh-superiortemporal,26,0.7333333333333333,0.23475755815545346
ctx-lh-entorhinal,ctx-lh-parsopercularis,22,0.6799999999999999,0.2638181191654584
ctx-lh-medialorbitofrontal,ctx-lh-parahippocampal,22,0.65,0.20976176963403032
ctx-lh-medialorbitofrontal,ctx-lh-parsopercularis,22,0.77,0.024494897427831803
ctx-lh-parstriangularis,ctx-lh-parahippocampal,30,0.7,0.12472191289246472
ctx-lh-parstriangularis,ctx-lh-parsopercularis,62,0.8230769230769232,0.07404886706765977
ctx-lh-insula,ctx-lh-parahippocampal,20,0.8,0.2449489742783178
ctx-lh-insula,ctx-lh-parsopercularis,72,0.7638095238095238,0.11335333957072785
ctx-lh-parsopercularis,Left-Hippocampus,68,0.7351648351648352,0.07757961580097929
ctx-lh-parsopercularis,ctx-lh-parahippocampal,40,0.75,0.07905694150420949
ctx-lh-parsopercularis,ctx-lh-fusiform,32,0.780952380952381,0.07589227357385347
ctx-lh-parsopercularis,Left-Amygdala,24,0.75,0.23237900077244503
ctx-lh-parsopercularis,ctx-lh-superiortemporal,104,0.8080952380952381,0.11993573487024714
ctx-lh-parsopercularis,ctx-lh-middletemporal,128,0.8747692307692307,0.07567979884132041
ctx-lh-parsopercularis,ctx-lh-entorhinal,22,0.9,0.1224744871391589
ctx-lh-parsopercularis,ctx-lh-medialorbitofrontal,22,0.6799999999999999,0.11224972160321826
ctx-lh-parsopercularis,ctx-lh-parstriangularis,62,0.8217948717948719,0.142671053776857
ctx-lh-parsopercularis,ctx-lh-insula,72,0.8057142857142857,0.02649605284427342
ctx-lh-parsopercularis,ctx-lh-parsopercularis,78,0.77,0.08405520672616171
Left-Amygdala,Right-Amygdala,28,0.7533333333333333,0.07180219742846009
Left-Amygdala,ctx-rh-lateralorbitofrontal,26,0.6466666666666667,0.20176994600562073
Left-Amygdala,ctx-rh-parstriangularis,20,0.75,0.0
ctx-lh-inferiortemporal,ctx-rh-fusiform,20,0.85,0.1224744871391589
ctx-lh-inferiortemporal,ctx-rh-lateralorbitofrontal,24,0.78,0.16
ctx-lh-inferiortemporal,ctx-rh-insula,20,0.75,0.15811388300841897
ctx-lh-inferiortemporal,ctx-rh-parstriangularis,30,0.8666666666666668,0.12472191289246472
Right-Amygdala,Left-Amygdala,28,0.9266666666666667,0.09043106644167022
Right-Amygdala,ctx-rh-fusiform,32,0.819047619047619,0.1385051387833237
ctx-rh-fusiform,ctx-lh-inferiortemporal,20,0.9,0.1224744871391589
ctx-rh-fusiform,Right-Amygdala,32,0.7809523809523808,0.12988744473319866
ctx-rh-lateralorbitofrontal,Left-Amygdala,26,0.6799999999999999,0.2039607805437114
ctx-rh-lateralorbitofrontal,ctx-lh-inferiortemporal,24,0.8800000000000001,0.09797958971132709
ctx-rh-insula,ctx-lh-inferiortemporal,20,0.9,0.1224744871391589
ctx-rh-parstriangularis,Left-Amygdala,20,0.9,0.1224744871391589
ctx-rh-parstriangularis,ctx-lh-inferiortemporal,30,0.8,0.19436506316151
ctx-lh-superiortemporal,ctx-lh-rostralanteriorcingulate,68,0.8098901098901099,0.07269378201556584
ctx-lh-superiortemporal,Right-Amygdala,28,0.5733333333333333,0.1420485050177501
ctx-lh-insula,ctx-lh-transversetemporal,22,0.72,0.16911534525287764
ctx-lh-insula,ctx-lh-rostralanteriorcingulate,42,0.638888888888889,0.18151454725227267
ctx-lh-transversetemporal,ctx-lh-insula,22,0.78,0.20396078054371142
ctx-lh-parsopercularis,ctx-lh-rostralanteriorcingulate,42,0.8583333333333332,0.08888888888888889
ctx-lh-parsopercularis,ctx-lh-lateralorbitofrontal,102,0.822857142857143,0.04223355856884136
Left-Hippocampus,ctx-lh-rostralanteriorcingulate,32,0.8095238095238096,0.1156662647761059
ctx-lh-middletemporal,ctx-lh-rostralanteriorcingulate,74,0.7847619047619048,0.0758564104828186
ctx-lh-rostralanteriorcingulate,ctx-lh-superiortemporal,68,0.8241758241758241,0.05516439735389507
ctx-lh-rostralanteriorcingulate,ctx-lh-insula,42,0.836111111111111,0.11600340565456167
ctx-lh-rostralanteriorcingulate,ctx-lh-parsopercularis,42,0.7166666666666667,0.08127077132404328
ctx-lh-rostralanteriorcingulate,Left-Hippocampus,32,0.7999999999999999,0.16329931618554522
ctx-lh-rostralanteriorcingulate,ctx-lh-middletemporal,74,0.8371428571428572,0.1010780888489265
ctx-lh-rostralanteriorcingulate,ctx-lh-rostralanteriorcingulate,38,0.7642857142857143,0.09271967846962262
ctx-lh-rostralanteriorcingulate,ctx-lh-lateralorbitofrontal,72,0.86,0.0792023729001592
Right-Amygdala,ctx-lh-superiortemporal,28,0.6133333333333334,0.11274356350191843
Right-Amygdala,ctx-lh-lateralorbitofrontal,28,0.6866666666666668,0.1107549848389077
ctx-lh-lateralorbitofrontal,ctx-lh-parsopercularis,102,0.8633333333333333,0.034060104270947945
ctx-lh-lateralorbitofrontal,ctx-lh-rostralanteriorcingulate,72,0.8752380952380954,0.052631435731992776
ctx-lh-lateralorbitofrontal,Right-Amygdala,28,0.7066666666666667,0.14966629547095767
Right-Hippocampus,ctx-rh-parahippocampal,106,0.9432900432900434,0.01928230082365374
ctx-rh-parahippocampal,Right-Hippocampus,106,0.8969696969696969,0.05290602984399023
ctx-rh-parahippocampal,ctx-rh-parahippocampal,150,0.9733333333333334,0.02494438257849294
ctx-rh-parahippocampal,Right-Amygdala,82,0.9139705882352942,0.09299653972801399
ctx-rh-parahippocampal,ctx-rh-middletemporal,40,0.925,0.09999999999999999
Right-Amygdala,ctx-rh-parahippocampal,82,0.9397058823529412,0.03724683865268807
ctx-rh-middletemporal,ctx-rh-parahippocampal,40,0.875,0.0
Right-Hippocampus,ctx-rh-inferiortemporal,88,0.7496732026143791,0.04615138155270518
Right-Hippocampus,ctx-rh-parsopercularis,54,0.7581818181818182,0.04999173485406374
ctx-rh-parahippocampal,ctx-rh-fusiform,38,0.9464285714285715,0.0658538889806635
ctx-rh-parahippocampal,ctx-rh-inferiortemporal,22,0.8300000000000001,0.15362291495737218
ctx-rh-parahippocampal,ctx-rh-lateralorbitofrontal,114,0.9739130434782609,0.02129991080681023
ctx-rh-parahippocampal,ctx-rh-parstriangularis,82,0.95,0.07288689868556626
ctx-rh-parahippocampal,ctx-rh-parsopercularis,20,0.85,0.2
Right-Amygdala,ctx-rh-inferiortemporal,48,0.7511111111111111,0.04251361437713112
Right-Amygdala,ctx-rh-parsopercularis,24,0.71,0.2009975124224178
ctx-rh-fusiform,ctx-rh-parahippocampal,38,0.9464285714285714,0.0658538889806635
ctx-rh-inferiortemporal,Right-Hippocampus,88,0.7163398692810458,0.03157613680831675
ctx-rh-inferiortemporal,ctx-rh-parahippocampal,22,0.9099999999999999,0.11135528725660043
ctx-rh-inferiortemporal,Right-Amygdala,48,0.6688888888888889,0.06681465057054627
ctx-rh-inferiortemporal,ctx-rh-inferiortemporal,62,0.6294871794871795,0.09476778775680168
ctx-rh-inferiortemporal,ctx-rh-middletemporal,88,0.6816993464052288,0.05696407469150568
ctx-rh-inferiortemporal,ctx-rh-lateralorbitofrontal,128,0.7344615384615384,0.06574542979144282
ctx-rh-inferiortemporal,ctx-rh-parstriangularis,54,0.7018181818181819,0.12575721066029516
ctx-rh-inferiortemporal,ctx-rh-parsopercularis,26,0.6933333333333334,0.15549205052920803
ctx-rh-middletemporal,ctx-rh-inferiortemporal,88,0.7379084967320261,0.07034574665136581
ctx-rh-middletemporal,ctx-rh-parsopercularis,46,0.6511111111111111,0.0859514649147276
ctx-rh-lateralorbitofrontal,ctx-rh-parahippocampal,114,0.9739130434782609,0.02129991080681023
ctx-rh-lateralorbitofrontal,ctx-rh-inferiortemporal,128,0.7661538461538461,0.06858847350849015
ctx-rh-lateralorbitofrontal,ctx-rh-parsorbitalis,22,0.72,0.1691153452528776
ctx-rh-lateralorbitofrontal,ctx-rh-parsopercularis,58,0.6757575757575758,0.11651899351351747
ctx-rh-parsorbitalis,ctx-rh-lateralorbitofrontal,22,0.8099999999999999,0.1854723699099141
ctx-rh-parstriangularis,ctx-rh-parahippocampal,82,1.0,0.0
ctx-rh-parstriangularis,ctx-rh-inferiortemporal,54,0.649090909090909,0.08520272373716353
ctx-rh-parstriangularis,ctx-rh-parsopercularis,26,0.6866666666666668,0.16546231527987812
ctx-rh-parsopercularis,Right-Hippocampus,54,0.78,0.06956773261712361
ctx-rh-parsopercularis,ctx-rh-parahippocampal,20,0.85,0.1224744871391589
ctx-rh-parsopercularis,Right-Amygdala,24,0.71,0.15620499351813308
ctx-rh-parsopercularis,ctx-rh-inferiortemporal,26,0.7333333333333332,0.08432740427115681
ctx-rh-parsopercularis,ctx-rh-middletemporal,46,0.6933333333333332,0.053333333333333365
ctx-rh-parsopercularis,ctx-rh-lateralorbitofrontal,58,0.7984848484848485,0.13412300591715592
ctx-rh-parsopercularis,ctx-rh-parstriangularis,26,0.7333333333333333,0.1520233900132184
ctx-rh-inferiortemporal,ctx-rh-insula,102,0.7057142857142857,0.032387954425013236
ctx-rh-insula,ctx-rh-inferiortemporal,102,0.6476190476190476,0.0433307168231517
ctx-rh-insula,ctx-rh-parsopercularis,44,0.725,0.06596856715021067
ctx-rh-parsopercularis,ctx-rh-insula,44,0.6777777777777778,0.10183501544346311
ctx-lh-rostralanteriorcingulate,ctx-lh-parstriangularis,32,0.8142857142857143,0.18952141659173713
ctx-lh-parstriangularis,ctx-lh-rostralanteriorcingulate,32,0.8476190476190476,0.09110060223670946
ctx-lh-middletemporal,ctx-rh-caudalmiddlefrontal,28,0.8866666666666667,0.09333333333333332
ctx-rh-lateralorbitofrontal,ctx-rh-postcentral,72,0.7933333333333333,0.13077823919064283
ctx-rh-lateralorbitofrontal,ctx-rh-caudalmiddlefrontal,20,0.95,0.09999999999999999
Right-Amygdala,ctx-rh-postcentral,22,0.67,0.18867962264113208
ctx-rh-middletemporal,ctx-rh-postcentral,48,0.6244444444444445,0.051830683509735985
ctx-rh-middletemporal,ctx-rh-caudalmiddlefrontal,22,0.96,0.07999999999999999
Right-Hippocampus,ctx-rh-postcentral,44,0.6138888888888888,0.08624541497922236
ctx-rh-postcentral,ctx-rh-lateralorbitofrontal,72,0.7085714285714285,0.05034123918629527
ctx-rh-postcentral,Right-Amygdala,22,0.5900000000000001,0.09165151389911681
ctx-rh-postcentral,ctx-rh-middletemporal,48,0.6666666666666666,0.07302967433402217
ctx-rh-postcentral,Right-Hippocampus,44,0.6583333333333334,0.07222222222222222
ctx-rh-postcentral,ctx-rh-postcentral,20,0.75,0.22360679774997896
ctx-rh-caudalmiddlefrontal,ctx-lh-middletemporal,28,0.8333333333333333,0.149071198499986
ctx-rh-caudalmiddlefrontal,ctx-rh-lateralorbitofrontal,20,0.85,0.1224744871391589
ctx-rh-caudalmiddlefrontal,ctx-rh-middletemporal,22,0.96,0.07999999999999999
ctx-rh-caudalmiddlefrontal,ctx-rh-caudalmiddlefrontal,20,0.8,0.18708286933869706
ctx-lh-parstriangularis,ctx-lh-superiorfrontal,106,0.8484848484848484,0.056443310867555406
ctx-lh-parstriangularis,ctx-lh-precentral,24,0.8800000000000001,0.16
ctx-lh-superiorfrontal,ctx-lh-parstriangularis,106,0.8774891774891774,0.022393969101952505
ctx-lh-superiorfrontal,ctx-lh-superiorfrontal,218,0.8943974630021142,0.03733970758273673
ctx-lh-superiorfrontal,ctx-lh-precentral,52,0.8072727272727274,0.08593674398615617
ctx-lh-superiorfrontal,ctx-lh-lateralorbitofrontal,198,0.9192307692307693,0.01887273548380527
ctx-lh-superiorfrontal,ctx-lh-middletemporal,192,0.8959514170040486,0.01561258284910074
ctx-lh-superiorfrontal,ctx-rh-medialorbitofrontal,26,0.7666666666666666,0.1520233900132184
ctx-lh-precentral,ctx-lh-parstriangularis,24,0.75,0.14832396974191325
ctx-lh-precentral,ctx-lh-superiorfrontal,52,0.7309090909090908,0.09299426801850491
ctx-lh-precentral,ctx-lh-precentral,32,0.819047619047619,0.1385051387833237
ctx-lh-precentral,ctx-lh-lateralorbitofrontal,52,0.8272727272727274,0.09324277385424064
ctx-lh-precentral,ctx-lh-middletemporal,48,0.8066666666666666,0.1483406157180323
ctx-lh-lateralorbitofrontal,ctx-lh-superiorfrontal,198,0.9042307692307693,0.02863770841382508
ctx-lh-lateralorbitofrontal,ctx-lh-precentral,52,0.8872727272727271,0.08843917459647498
ctx-lh-lateralorbitofrontal,ctx-rh-medialorbitofrontal,28,0.6466666666666667,0.09797958971132714
ctx-lh-middletemporal,ctx-lh-superiorfrontal,192,0.9010796221322537,0.06073114405217621
ctx-lh-middletemporal,ctx-lh-precentral,48,0.8155555555555555,0.07013215039137555
ctx-lh-middletemporal,ctx-rh-medialorbitofrontal,26,0.76,0.233238075793812
ctx-rh-medialorbitofrontal,ctx-lh-superiorfrontal,26,0.8066666666666666,0.12719189352225943
ctx-rh-medialorbitofrontal,ctx-lh-lateralorbitofrontal,28,0.6933333333333334,0.21746008573733455
ctx-rh-medialorbitofrontal,ctx-lh-middletemporal,26,0.7333333333333333,0.1520233900132184
ctx-rh-medialorbitofrontal,ctx-rh-medialorbitofrontal,30,0.6333333333333333,0.12472191289246472
ctx-rh-medialorbitofrontal,ctx-rh-lateralorbitofrontal,72,0.7228571428571429,0.03837988891354264
ctx-rh-medialorbitofrontal,ctx-rh-parstriangularis,26,0.5800000000000001,0.132664991614216
ctx-rh-medialorbitofrontal,Right-Amygdala,30,0.8666666666666668,0.12472191289246472
ctx-rh-medialorbitofrontal,ctx-rh-superiortemporal,116,0.7590579710144927,0.06285996946701983
ctx-rh-medialorbitofrontal,ctx-rh-middletemporal,46,0.6533333333333333,0.15938152068480985
ctx-rh-medialorbitofrontal,ctx-rh-inferiortemporal,34,0.6047619047619047,0.23694962484999482
ctx-rh-lateralorbitofrontal,ctx-rh-medialorbitofrontal,72,0.7085714285714285,0.11489520020209051
ctx-rh-lateralorbitofrontal,ctx-rh-superiortemporal,420,0.7785714285714285,0.023328473740792173
ctx-rh-parstriangularis,ctx-rh-medialorbitofrontal,26,0.6533333333333333,0.14847371634213394
ctx-rh-parstriangularis,ctx-rh-superiortemporal,156,0.6981854838709676,0.07396638611365192
Right-Amygdala,ctx-rh-medialorbitofrontal,30,0.7333333333333333,0.08164965809277264
Right-Amygdala,ctx-rh-superiortemporal,120,0.7333333333333332,0.056519416526043906
ctx-rh-superiortemporal,ctx-rh-medialorbitofrontal,116,0.7242753623188406,0.06988528422393875
ctx-rh-superiortemporal,ctx-rh-lateralorbitofrontal,420,0.7571428571428571,0.02672612419124243
ctx-rh-superiortemporal,ctx-rh-parstriangularis,156,0.7314516129032258,0.0587991165598651
ctx-rh-superiortemporal,Right-Amygdala,120,0.7666666666666667,0.11055415967851334
ctx-rh-superiortemporal,ctx-rh-superiortemporal,726,0.6735285781766651,0.025199409483707313
ctx-rh-superiortemporal,ctx-rh-middletemporal,284,0.7464912280701753,0.040805976665308795
ctx-rh-superiortemporal,ctx-rh-inferiortemporal,194,0.6341430499325236,0.036393235778444034
ctx-rh-middletemporal,ctx-rh-medialorbitofrontal,46,0.6333333333333333,0.11967032904743342
ctx-rh-middletemporal,ctx-rh-superiortemporal,284,0.7004385964912281,0.04514775169283428
ctx-rh-inferiortemporal,ctx-rh-medialorbitofrontal,34,0.638095238095238,0.17715309750226926
ctx-rh-inferiortemporal,ctx-rh-superiortemporal,194,0.6750337381916329,0.023889308084597913
Right-Amygdala,ctx-rh-inferiorparietal,22,0.78,0.12884098726725127
Right-Hippocampus,ctx-rh-superiortemporal,274,0.7299663299663299,0.030897278465824123
ctx-rh-superiortemporal,Right-Hippocampus,274,0.7406734006734006,0.033170981699572194
ctx-rh-superiortemporal,ctx-rh-bankssts,118,0.7463768115942029,0.08312039587273334
ctx-rh-superiortemporal,ctx-rh-precentral,198,0.7574358974358975,0.07361319201157361
ctx-rh-superiortemporal,ctx-rh-inferiorparietal,118,0.738768115942029,0.1054366502150444
ctx-rh-middletemporal,ctx-rh-lingual,28,0.6866666666666668,0.1107549848389077
ctx-rh-middletemporal,ctx-rh-lateraloccipital,28,0.8266666666666668,0.18306040290327974
ctx-rh-bankssts,ctx-rh-superiortemporal,118,0.6608695652173913,0.03874271143790811
ctx-rh-bankssts,ctx-rh-inferiorparietal,26,0.8066666666666666,0.12719189352225943
ctx-rh-precentral,ctx-rh-superiortemporal,198,0.7021794871794873,0.027606109910760623
ctx-rh-inferiorparietal,Right-Amygdala,22,0.72,0.16911534525287764
ctx-rh-inferiorparietal,ctx-rh-superiortemporal,118,0.743840579710145,0.10849982359537198
ctx-rh-inferiorparietal,ctx-rh-bankssts,26,0.6933333333333334,0.20044395171163878
ctx-rh-lingual,ctx-rh-middletemporal,28,0.7466666666666667,0.09568466729604887
ctx-rh-lateraloccipital,ctx-rh-middletemporal,28,0.7466666666666667,0.09568466729604887
ctx-lh-entorhinal,ctx-lh-lateralorbitofrontal,20,0.55,0.2449489742783178
ctx-lh-superiortemporal,ctx-lh-precentral,48,0.8777777777777779,0.07436978013636225
ctx-lh-superiortemporal,ctx-rh-medialorbitofrontal,22,0.78,0.12884098726725127
ctx-lh-supramarginal,ctx-lh-precentral,20,0.7,0.18708286933869706
ctx-lh-precentral,ctx-lh-superiortemporal,48,0.7911111111111111,0.09516716935717272
ctx-lh-precentral,ctx-lh-supramarginal,20,0.7,0.09999999999999999
ctx-lh-lateralorbitofrontal,ctx-lh-entorhinal,20,0.55,0.09999999999999999
ctx-rh-medialorbitofrontal,ctx-lh-superiortemporal,22,0.62,0.1469693845669907
ctx-rh-medialorbitofrontal,ctx-rh-insula,60,0.7333333333333334,0.09718253158075502
ctx-rh-medialorbitofrontal,ctx-rh-precentral,30,0.8,0.12472191289246473
ctx-rh-medialorbitofrontal,Right-Hippocampus,42,0.6222222222222222,0.10628403594282772
ctx-rh-parstriangularis,ctx-rh-postcentral,24,0.6599999999999999,0.27999999999999997
ctx-rh-insula,ctx-rh-medialorbitofrontal,60,0.7666666666666666,0.12247448713915891
ctx-rh-insula,ctx-rh-postcentral,60,0.7333333333333333,0.14337208778404378
ctx-rh-insula,ctx-rh-superiortemporal,380,0.7052631578947369,0.04751439496123102
ctx-rh-parsopercularis,ctx-rh-precentral,20,0.65,0.1224744871391589
ctx-rh-parsopercularis,ctx-rh-superiortemporal,76,0.6549999999999999,0.12512216252748973
ctx-rh-postcentral,ctx-rh-parstriangularis,24,0.7,0.17888543819998318
ctx-rh-postcentral,ctx-rh-insula,60,0.6833333333333333,0.097182531580755
ctx-rh-postcentral,ctx-rh-precentral,30,0.6666666666666666,0.10540925533894599
ctx-rh-postcentral,ctx-rh-superiortemporal,114,0.6920948616600789,0.06077709726174044
ctx-rh-postcentral,ctx-rh-inferiortemporal,30,0.6666666666666667,0.14907119849998599
ctx-rh-precentral,ctx-rh-medialorbitofrontal,30,0.7333333333333333,0.16996731711975951
ctx-rh-precentral,ctx-rh-parsopercularis,20,0.6,0.2
ctx-rh-precentral,ctx-rh-postcentral,30,0.7333333333333333,0.16996731711975951
ctx-rh-precentral,ctx-rh-inferiortemporal,50,0.6599999999999999,0.08000000000000002
ctx-rh-superiortemporal,ctx-rh-insula,380,0.7447368421052631,0.05302484652528918
ctx-rh-superiortemporal,ctx-rh-parsopercularis,76,0.6849999999999999,0.0731057073315377
ctx-rh-superiortemporal,ctx-rh-postcentral,114,0.7201581027667985,0.08772210591988032
Right-Hippocampus,ctx-rh-medialorbitofrontal,42,0.6916666666666667,0.14120294474598705
ctx-rh-inferiortemporal,ctx-rh-postcentral,30,0.7,0.0666666666666667
ctx-rh-inferiortemporal,ctx-rh-precentral,50,0.6599999999999999,0.13564659966250536
ctx-rh-inferiortemporal,ctx-rh-bankssts,30,0.8,0.12472191289246475
ctx-rh-inferiortemporal,ctx-rh-inferiorparietal,30,0.7,0.12472191289246473
ctx-rh-bankssts,ctx-rh-inferiortemporal,30,0.6,0.16996731711975951
ctx-rh-inferiorparietal,ctx-rh-inferiortemporal,30,0.5999999999999999,0.0816496580927726
ctx-lh-entorhinal,ctx-lh-superiorfrontal,20,0.75,0.15811388300841897
ctx-lh-entorhinal,ctx-rh-superiorfrontal,24,0.71,0.2009975124224178
ctx-lh-insula,ctx-lh-isthmuscingulate,52,0.7872727272727273,0.07726737949409378
ctx-lh-insula,ctx-lh-inferiorparietal,92,0.8257309941520468,0.06455568243148807
ctx-lh-insula,ctx-lh-precentral,36,0.8642857142857142,0.1203735681882337
ctx-lh-insula,ctx-lh-postcentral,68,0.9,0.10690449676496976
ctx-lh-insula,ctx-lh-superiorfrontal,100,0.85,0.04472135954999579
ctx-lh-insula,ctx-rh-rostralanteriorcingulate,40,0.875,0.13693063937629152
ctx-lh-insula,ctx-rh-superiorfrontal,120,0.9,0.033333333333333305
ctx-lh-insula,ctx-lh-posteriorcingulate,34,0.7333333333333333,0.11106575037800571
ctx-lh-insula,ctx-rh-posteriorcingulate,20,0.7,0.09999999999999999
ctx-lh-superiortemporal,ctx-lh-isthmuscingulate,52,0.8472727272727273,0.043560540184403404
ctx-lh-superiortemporal,ctx-lh-inferiorparietal,82,0.8169117647058822,0.07810748073464413
ctx-lh-superiortemporal,ctx-lh-postcentral,64,0.8128205128205128,0.07760382538677722
ctx-lh-superiortemporal,ctx-lh-superiorfrontal,140,0.8714285714285713,0.06226998490772394
ctx-lh-superiortemporal,ctx-rh-rostralanteriorcingulate,56,0.8227272727272726,0.1256388632825932
ctx-lh-superiortemporal,ctx-rh-superiorfrontal,168,0.9174688057040999,0.0598320077713347
ctx-lh-superiortemporal,ctx-lh-posteriorcingulate,32,0.780952380952381,0.07589227357385347
ctx-lh-superiortemporal,ctx-rh-posteriorcingulate,28,0.7133333333333333,0.08844332774281069
ctx-lh-middletemporal,ctx-lh-isthmuscingulate,36,0.75,0.13923991921155665
ctx-lh-middletemporal,ctx-lh-inferiorparietal,36,0.8321428571428573,0.1080910425030111
ctx-lh-middletemporal,ctx-lh-postcentral,36,0.7821428571428571,0.15987878061142421
ctx-lh-middletemporal,ctx-rh-posteriorcingulate,36,0.8071428571428572,0.1097306535409801
Left-Hippocampus,ctx-lh-superiorfrontal,80,0.8375,0.08477912478906585
ctx-lh-parahippocampal,ctx-lh-superiorfrontal,20,0.65,0.1224744871391589
ctx-lh-fusiform,ctx-lh-superiorfrontal,40,0.8,0.06123724356957946
ctx-lh-lateralorbitofrontal,ctx-lh-isthmuscingulate,36,0.8357142857142857,0.09999999999999999
ctx-lh-lateralorbitofrontal,ctx-lh-inferiorparietal,36,0.8071428571428572,0.21140926552783917
ctx-lh-lateralorbitofrontal,ctx-lh-postcentral,36,0.8035714285714286,0.07319250547113997
ctx-lh-lateralorbitofrontal,ctx-rh-rostralanteriorcingulate,72,0.8047619047619048,0.08114822249196492
ctx-lh-lateralorbitofrontal,ctx-rh-superiorfrontal,216,0.8842494714587736,0.05304194955915002
ctx-lh-lateralorbitofrontal,ctx-rh-posteriorcingulate,36,0.6928571428571428,0.062269984907723924
ctx-lh-parstriangularis,ctx-lh-isthmuscingulate,20,0.65,0.1224744871391589
ctx-lh-parstriangularis,ctx-lh-inferiorparietal,20,0.65,0.1224744871391589
ctx-lh-parstriangularis,ctx-lh-postcentral,20,0.85,0.1224744871391589
ctx-lh-parstriangularis,ctx-rh-rostralanteriorcingulate,40,0.925,0.1
ctx-lh-parstriangularis,ctx-rh-superiorfrontal,120,0.8416666666666666,0.06666666666666671
ctx-lh-parstriangularis,ctx-rh-posteriorcingulate,20,0.85,0.2
ctx-lh-parsopercularis,ctx-lh-isthmuscingulate,28,0.7133333333333333,0.08844332774281069
ctx-lh-parsopercularis,ctx-lh-inferiorparietal,38,0.8178571428571428,0.05578749768504752
ctx-lh-parsopercularis,ctx-lh-supramarginal,30,0.7333333333333333,0.08164965809277264
ctx-lh-parsopercularis,ctx-lh-precentral,24,0.8800000000000001,0.16
ctx-lh-parsopercularis,ctx-lh-postcentral,32,0.7238095238095238,0.16260353408537023
ctx-lh-parsopercularis,ctx-lh-superiorfrontal,100,0.85,0.05477225575051658
ctx-lh-parsopercularis,ctx-rh-rostralanteriorcingulate,40,0.925,0.15
ctx-lh-parsopercularis,ctx-rh-superiorfrontal,120,0.85,0.05
ctx-lh-parsopercularis,ctx-rh-posteriorcingulate,20,0.75,0.0
ctx-lh-isthmuscingulate,ctx-lh-insula,52,0.8254545454545454,0.13341044602068466
ctx-lh-isthmuscingulate,ctx-lh-superiortemporal,52,0.7709090909090909,0.07259078100973504
ctx-lh-isthmuscingulate,ctx-lh-middletemporal,36,0.8857142857142858,0.05714285714285716
ctx-lh-isthmuscingulate,ctx-lh-lateralorbitofrontal,36,0.7714285714285715,0.1456862718169367
ctx-lh-isthmuscingulate,ctx-lh-parstriangularis,20,0.75,0.0
ctx-lh-isthmuscingulate,ctx-lh-parsopercularis,28,0.64,0.16786237749352229
ctx-lh-isthmuscingulate,ctx-lh-isthmuscingulate,40,0.775,0.09354143466934853
ctx-lh-isthmuscingulate,ctx-lh-inferiorparietal,80,0.8375,0.030618621784789725
ctx-lh-isthmuscingulate,ctx-lh-precentral,24,0.66,0.17435595774162696
ctx-lh-isthmuscingulate,ctx-lh-postcentral,56,0.8560606060606061,0.07391703586454827
ctx-lh-isthmuscingulate,ctx-lh-superiorfrontal,40,0.75,0.13693063937629152
ctx-lh-isthmuscingulate,ctx-rh-superiorfrontal,48,0.731111111111111,0.03810317377662724
ctx-lh-isthmuscingulate,ctx-lh-posteriorcingulate,28,0.7133333333333333,0.08844332774281069
ctx-lh-inferiorparietal,ctx-lh-insula,92,0.8906432748538012,0.03612501803855085
ctx-lh-inferiorparietal,ctx-lh-superiortemporal,82,0.8529411764705882,0.06359337738364605
ctx-lh-inferiorparietal,ctx-lh-middletemporal,36,0.7464285714285716,0.11088696211614302
ctx-lh-inferiorparietal,ctx-lh-lateralorbitofrontal,36,0.9178571428571429,0.06738557951469006
ctx-lh-inferiorparietal,ctx-lh-parstriangularis,20,0.75,0.15811388300841897
ctx-lh-inferiorparietal,ctx-lh-parsopercularis,38,0.8142857142857143,0.0683254516775321
ctx-lh-inferiorparietal,ctx-lh-isthmuscingulate,80,0.8,0.09185586535436918
ctx-lh-inferiorparietal,ctx-lh-inferiorparietal,170,0.8235294117647058,0.04159451654038516
ctx-lh-inferiorparietal,ctx-lh-transversetemporal,22,0.82,0.09273618495495704
ctx-lh-inferiorparietal,ctx-lh-precentral,44,0.7527777777777777,0.12680791345014805
ctx-lh-inferiorparietal,ctx-lh-postcentral,116,0.8876811594202898,0.07092570610575162
ctx-lh-inferiorparietal,ctx-lh-superiorfrontal,40,0.775,0.18371173070873836
ctx-lh-inferiorparietal,ctx-rh-superiorfrontal,48,0.8133333333333332,0.1161948129991233
ctx-lh-inferiorparietal,ctx-lh-posteriorcingulate,58,0.796969696969697,0.11230533612246317
ctx-lh-supramarginal,ctx-lh-parsopercularis,30,0.8,0.16329931618554522
ctx-lh-supramarginal,ctx-lh-superiorfrontal,60,0.75,0.07453559924999302
ctx-lh-supramarginal,ctx-rh-rostralanteriorcingulate,24,0.8400000000000001,0.14966629547095767
ctx-lh-supramarginal,ctx-rh-superiorfrontal,72,0.8476190476190476,0.02409354407747334
ctx-lh-transversetemporal,ctx-lh-inferiorparietal,22,0.67,0.14
ctx-lh-transversetemporal,ctx-lh-superiorfrontal,20,0.75,0.0
ctx-lh-transversetemporal,ctx-rh-superiorfrontal,24,0.72,0.16
ctx-lh-precentral,ctx-lh-insula,36,0.8321428571428573,0.1080910425030111
ctx-lh-precentral,ctx-lh-parsopercularis,24,0.7100000000000001,0.2009975124224178
ctx-lh-precentral,ctx-lh-isthmuscingulate,24,0.6300000000000001,0.13999999999999999
ctx-lh-precentral,ctx-lh-inferiorparietal,44,0.7722222222222223,0.09999999999999999
ctx-lh-precentral,ctx-lh-postcentral,32,0.8142857142857143,0.11703053073756674
ctx-lh-precentral,ctx-rh-superiorfrontal,48,0.8577777777777778,0.10120264477098401
ctx-lh-postcentral,ctx-lh-insula,68,0.8263736263736264,0.08315421719733021
ctx-lh-postcentral,ctx-lh-superiortemporal,64,0.8435897435897436,0.04891995904702286
ctx-lh-postcentral,ctx-lh-middletemporal,36,0.8571428571428571,0.12777531299998796
ctx-lh-postcentral,ctx-lh-lateralorbitofrontal,36,0.8571428571428573,0.12777531299998798
ctx-lh-postcentral,ctx-lh-parstriangularis,20,0.8,0.09999999999999999
ctx-lh-postcentral,ctx-lh-parsopercularis,32,0.7571428571428572,0.16454430993496189
ctx-lh-postcentral,ctx-lh-isthmuscingulate,56,0.8045454545454547,0.10325287901455042
ctx-lh-postcentral,ctx-lh-inferiorparietal,116,0.8797101449275363,0.049275362318840575
ctx-lh-postcentral,ctx-lh-precentral,32,0.780952380952381,0.07589227357385347
ctx-lh-postcentral,ctx-lh-postcentral,80,0.8875,0.06123724356957945
ctx-lh-postcentral,ctx-lh-superiorfrontal,40,0.775,0.049999999999999996
ctx-lh-postcentral,ctx-rh-superiorfrontal,48,0.7533333333333332,0.09747427644205027
ctx-lh-postcentral,ctx-lh-posteriorcingulate,40,0.8,0.06123724356957946
ctx-lh-medialorbitofrontal,ctx-lh-superiorfrontal,20,0.6,0.1224744871391589
ctx-lh-medialorbitofrontal,ctx-rh-superiorfrontal,24,0.96,0.07999999999999999
ctx-lh-rostralanteriorcingulate,ctx-lh-superiorfrontal,60,0.8333333333333333,0.07453559924999298
ctx-lh-rostralanteriorcingulate,ctx-rh-rostralanteriorcingulate,24,0.9099999999999999,0.11135528725660043
ctx-lh-rostralanteriorcingulate,ctx-rh-superiorfrontal,72,0.8457142857142858,0.08468160990846445
ctx-lh-superiorfrontal,ctx-lh-entorhinal,20,0.75,0.22360679774997896
ctx-lh-superiorfrontal,ctx-lh-insula,100,0.8600000000000001,0.05830951894845298
ctx-lh-superiorfrontal,ctx-lh-superiortemporal,140,0.8714285714285716,0.036421567954234214
ctx-lh-superiorfrontal,Left-Hippocampus,80,0.85,0.049999999999999996
ctx-lh-superiorfrontal,ctx-lh-parahippocampal,20,0.8,0.09999999999999999
ctx-lh-superiorfrontal,ctx-lh-fusiform,40,0.8,0.1274754878398196
ctx-lh-superiorfrontal,ctx-lh-parsopercularis,100,0.8100000000000002,0.05830951894845301
ctx-lh-superiorfrontal,ctx-lh-isthmuscingulate,40,0.75,0.11180339887498948
ctx-lh-superiorfrontal,ctx-lh-inferiorparietal,40,0.775,0.09354143466934853
ctx-lh-superiorfrontal,ctx-lh-supramarginal,60,0.8,0.04082482904638632
ctx-lh-superiorfrontal,ctx-lh-transversetemporal,20,0.75,0.15811388300841897
ctx-lh-superiorfrontal,ctx-lh-postcentral,40,0.85,0.049999999999999996
ctx-lh-superiorfrontal,ctx-lh-medialorbitofrontal,20,0.85,0.1224744871391589
ctx-lh-superiorfrontal,ctx-lh-rostralanteriorcingulate,60,0.7666666666666667,0.09718253158075502
ctx-lh-superiorfrontal,ctx-rh-rostralanteriorcingulate,80,0.825,0.04677071733467427
ctx-lh-superiorfrontal,ctx-rh-superiorfrontal,240,0.9291666666666668,0.050346024889977366
ctx-lh-superiorfrontal,ctx-lh-caudalanteriorcingulate,20,0.75,0.15811388300841897
ctx-lh-superiorfrontal,Right-Cerebral-White-Matter,20,0.75,0.0
ctx-lh-superiorfrontal,ctx-rh-caudalanteriorcingulate,20,0.6,0.1224744871391589
ctx-lh-superiorfrontal,ctx-lh-posteriorcingulate,20,0.65,0.25495097567963926
ctx-lh-superiorfrontal,ctx-rh-posteriorcingulate,40,0.8,0.1695582495781317
ctx-rh-medialorbitofrontal,ctx-rh-superiorfrontal,24,0.8300000000000001,0.08717797887081347
ctx-rh-rostralanteriorcingulate,ctx-lh-insula,40,0.825,0.1
ctx-rh-rostralanteriorcingulate,ctx-lh-superiortemporal,56,0.8212121212121213,0.006060606060606055
ctx-rh-rostralanteriorcingulate,ctx-lh-lateralorbitofrontal,72,0.818095238095238,0.060113271764036184
ctx-rh-rostralanteriorcingulate,ctx-lh-parstriangularis,40,0.775,0.1224744871391589
ctx-rh-rostralanteriorcingulate,ctx-lh-parsopercularis,40,0.8,0.06123724356957946
ctx-rh-rostralanteriorcingulate,ctx-lh-supramarginal,24,0.75,0.07745966692414837
ctx-rh-rostralanteriorcingulate,ctx-lh-rostralanteriorcingulate,24,0.64,0.23323807579381203
ctx-rh-rostralanteriorcingulate,ctx-lh-superiorfrontal,80,0.8,0.082915619758885
ctx-rh-superiorfrontal,ctx-lh-entorhinal,24,0.7,0.1788854381999832
ctx-rh-superiorfrontal,ctx-lh-insula,120,0.8583333333333332,0.05651941652604392
ctx-rh-superiorfrontal,ctx-lh-superiortemporal,168,0.9046345811051694,0.02267390890004684
ctx-rh-superiorfrontal,ctx-lh-lateralorbitofrontal,216,0.8979915433403806,0.04810596301472623
ctx-rh-superiorfrontal,ctx-lh-parstriangularis,120,0.8666666666666668,0.0485912657903775
ctx-rh-superiorfrontal,ctx-lh-parsopercularis,120,0.9333333333333332,0.042491829279939886
ctx-rh-superiorfrontal,ctx-lh-isthmuscingulate,48,0.7911111111111111,0.11008414290222968
ctx-rh-superiorfrontal,ctx-lh-inferiorparietal,48,0.8711111111111111,0.08450290374147353
ctx-rh-superiorfrontal,ctx-lh-supramarginal,72,0.8885714285714286,0.05703163779649475
ctx-rh-superiorfrontal,ctx-lh-transversetemporal,24,0.75,0.14832396974191325
ctx-rh-superiorfrontal,ctx-lh-precentral,48,0.7933333333333332,0.08737601445038891
ctx-rh-superiorfrontal,ctx-lh-postcentral,48,0.7911111111111111,0.0641756847919718
ctx-rh-superiorfrontal,ctx-lh-medialorbitofrontal,24,0.9199999999999999,0.09797958971132709
ctx-rh-superiorfrontal,ctx-lh-rostralanteriorcingulate,72,0.8895238095238096,0.05297498661018431
ctx-rh-superiorfrontal,ctx-lh-superiorfrontal,240,0.925,0.050346024889977366
ctx-rh-superiorfrontal,ctx-rh-medialorbitofrontal,24,0.71,0.09165151389911684
ctx-rh-superiorfrontal,ctx-lh-caudalanteriorcingulate,24,0.74,0.17435595774162696
ctx-rh-superiorfrontal,Right-Cerebral-White-Matter,24,0.7,0.1264911064067352
ctx-rh-superiorfrontal,ctx-lh-posteriorcingulate,24,0.8300000000000001,0.08717797887081347
ctx-rh-superiorfrontal,ctx-rh-posteriorcingulate,48,0.768888888888889,0.08177053107988491
ctx-lh-caudalanteriorcingulate,ctx-lh-superiorfrontal,20,0.85,0.1224744871391589
ctx-lh-caudalanteriorcingulate,ctx-rh-superiorfrontal,24,0.75,0.23237900077244503
Right-Cerebral-White-Matter,ctx-lh-superiorfrontal,20,0.65,0.1224744871391589
Right-Cerebral-White-Matter,ctx-rh-superiorfrontal,24,0.7100000000000001,0.09165151389911684
ctx-rh-caudalanteriorcingulate,ctx-lh-superiorfrontal,20,0.95,0.09999999999999999
ctx-lh-posteriorcingulate,ctx-lh-insula,34,0.8476190476190476,0.13932132226978852
ctx-lh-posteriorcingulate,ctx-lh-superiortemporal,32,0.8047619047619048,0.1263476110611581
ctx-lh-posteriorcingulate,ctx-lh-isthmuscingulate,28,0.82,0.12754084313139327
ctx-lh-posteriorcingulate,ctx-lh-inferiorparietal,58,0.7924242424242426,0.04484438965742044
ctx-lh-posteriorcingulate,ctx-lh-postcentral,40,0.775,0.1457737973711325
ctx-lh-posteriorcingulate,ctx-lh-superiorfrontal,20,0.95,0.09999999999999999
ctx-lh-posteriorcingulate,ctx-rh-superiorfrontal,24,0.6599999999999999,0.21540659228538017
ctx-lh-posteriorcingulate,ctx-lh-posteriorcingulate,20,0.6,0.1224744871391589
ctx-rh-posteriorcingulate,ctx-lh-insula,20,0.75,0.15811388300841897
ctx-rh-posteriorcingulate,ctx-lh-superiortemporal,28,0.76,0.16786237749352229
ctx-rh-posteriorcingulate,ctx-lh-middletemporal,36,0.8071428571428572,0.06226998490772388
ctx-rh-posteriorcingulate,ctx-lh-lateralorbitofrontal,36,0.7500000000000001,0.055328333517248786
ctx-rh-posteriorcingulate,ctx-lh-parstriangularis,20,0.7,0.18708286933869706
ctx-rh-posteriorcingulate,ctx-lh-parsopercularis,20,0.55,0.09999999999999999
ctx-rh-posteriorcingulate,ctx-lh-superiorfrontal,40,0.8,0.06123724356957946
ctx-rh-posteriorcingulate,ctx-rh-superiorfrontal,48,0.8533333333333333,0.053240660225381944
ctx-lh-lateraloccipital,ctx-lh-inferiorparietal,36,0.7250000000000001,0.07457361792078962
ctx-lh-lateraloccipital,ctx-lh-postcentral,24,0.67,0.0871779788708135
ctx-lh-lateraloccipital,ctx-lh-superiorparietal,24,0.8400000000000001,0.14966629547095767
ctx-lh-inferiorparietal,ctx-lh-lateraloccipital,36,0.7785714285714286,0.14356965173029843
ctx-lh-inferiorparietal,ctx-lh-superiorparietal,108,0.8415584415584416,0.06507056569519593
ctx-lh-inferiorparietal,ctx-lh-paracentral,72,0.7914285714285715,0.08915832181690246
ctx-lh-insula,ctx-lh-superiorparietal,48,0.828888888888889,0.11322434846983997
ctx-lh-insula,ctx-lh-paracentral,32,0.8476190476190476,0.09110060223670946
ctx-lh-postcentral,ctx-lh-lateraloccipital,24,0.75,0.14832396974191325
ctx-lh-postcentral,ctx-lh-superiorparietal,72,0.8171428571428571,0.09621404708847277
ctx-lh-postcentral,ctx-lh-paracentral,48,0.8533333333333333,0.053240660225381944
ctx-lh-superiortemporal,ctx-lh-superiorparietal,36,0.8357142857142857,0.09999999999999999
ctx-lh-superiortemporal,ctx-lh-paracentral,24,0.76,0.14966629547095767
ctx-lh-posteriorcingulate,ctx-lh-superiorparietal,36,0.8071428571428572,0.06226998490772388
ctx-lh-posteriorcingulate,ctx-lh-paracentral,24,0.79,0.21999999999999997
ctx-lh-isthmuscingulate,ctx-lh-superiorparietal,48,0.8333333333333333,0.05067446333773945
ctx-lh-isthmuscingulate,ctx-lh-paracentral,32,0.7095238095238094,0.13502330360721737
ctx-lh-superiorparietal,ctx-lh-lateraloccipital,24,0.62,0.16
ctx-lh-superiorparietal,ctx-lh-inferiorparietal,108,0.8974025974025974,0.07462480253425624
ctx-lh-superiorparietal,ctx-lh-insula,48,0.8755555555555556,0.07383665655927175
ctx-lh-superiorparietal,ctx-lh-postcentral,72,0.9047619047619048,0.10061038206662293
ctx-lh-superiorparietal,ctx-lh-superiortemporal,36,0.6892857142857143,0.11271238455756788
ctx-lh-superiorparietal,ctx-lh-posteriorcingulate,36,0.7464285714285714,0.11088696211614303
ctx-lh-superiorparietal,ctx-lh-isthmuscingulate,48,0.831111111111111,0.09037644181183448
ctx-lh-superiorparietal,ctx-lh-paracentral,48,0.8177777777777777,0.11517029795422169
ctx-lh-superiorparietal,ctx-lh-precentral,24,0.74,0.17435595774162696
ctx-lh-paracentral,ctx-lh-inferiorparietal,72,0.7923809523809523,0.03956681538636379
ctx-lh-paracentral,ctx-lh-insula,32,0.7238095238095238,0.1798210246523734
ctx-lh-paracentral,ctx-lh-postcentral,48,0.828888888888889,0.14429051627331493
ctx-lh-paracentral,ctx-lh-superiortemporal,24,0.79,0.128062484748657
ctx-lh-paracentral,ctx-lh-posteriorcingulate,24,0.8300000000000001,0.23579652245103191
ctx-lh-paracentral,ctx-lh-isthmuscingulate,32,0.7142857142857142,0.1286595817724409
ctx-lh-paracentral,ctx-lh-superiorparietal,48,0.8955555555555555,0.06347936380926976
ctx-lh-paracentral,ctx-lh-paracentral,32,0.8476190476190476,0.09110060223670946
ctx-lh-precentral,ctx-lh-superiorparietal,24,0.76,0.233238075793812
